{
  "best_epoch": 1,
  "peak_cpu_memory_MB": 265.248768,
  "training_duration": "0:00:04.883492",
  "training_start_epoch": 0,
  "training_epochs": 1,
  "epoch": 1,
  "training_accuracy": 0.12193469719550197,
  "training_accuracy3": 0.5669963419590841,
  "training_loss": 2.3959299325942993,
  "training_cpu_memory_MB": 265.248768,
  "validation_accuracy": 0.1490066225165563,
  "validation_accuracy3": 0.5988647114474929,
  "validation_loss": 2.3650010228157043,
  "best_validation_accuracy": 0.1490066225165563,
  "best_validation_accuracy3": 0.5988647114474929,
  "best_validation_loss": 2.3650010228157043
}