{
  "best_epoch": 0,
  "peak_cpu_memory_MB": 210.341888,
  "training_duration": "0:00:02.538081",
  "training_start_epoch": 0,
  "training_epochs": 0,
  "epoch": 0,
  "training_accuracy": 0.09023167592467145,
  "training_accuracy3": 0.34534615905703836,
  "training_loss": 2.4648879766464233,
  "training_cpu_memory_MB": 210.341888,
  "validation_accuracy": 0.08656575212866603,
  "validation_accuracy3": 0.5350047303689688,
  "validation_loss": 2.43350887298584,
  "best_validation_accuracy": 0.08656575212866603,
  "best_validation_accuracy3": 0.5350047303689688,
  "best_validation_loss": 2.43350887298584
}