{
  "best_epoch": 14,
  "peak_cpu_memory_MB": 276.987904,
  "training_duration": "0:01:05.466614",
  "training_start_epoch": 0,
  "training_epochs": 14,
  "epoch": 14,
  "training_accuracy": 0.8863297656144153,
  "training_accuracy3": 0.9097683240753286,
  "training_loss": 310.93454360961914,
  "training_cpu_memory_MB": 276.987904,
  "validation_accuracy": 0.8221381267738883,
  "validation_accuracy3": 0.880321665089877,
  "validation_loss": 340.9448699951172,
  "best_validation_accuracy": 0.8221381267738883,
  "best_validation_accuracy3": 0.880321665089877,
  "best_validation_loss": 340.9448699951172
}