{
  "best_epoch": 23,
  "peak_cpu_memory_MB": 276.987904,
  "training_duration": "0:01:45.987027",
  "training_start_epoch": 0,
  "training_epochs": 23,
  "epoch": 23,
  "training_accuracy": 0.9512261211217992,
  "training_accuracy3": 0.9624712098631621,
  "training_loss": 145.9079074859619,
  "training_cpu_memory_MB": 276.987904,
  "validation_accuracy": 0.8552507095553453,
  "validation_accuracy3": 0.9049195837275308,
  "validation_loss": 265.9459533691406,
  "best_validation_accuracy": 0.8552507095553453,
  "best_validation_accuracy3": 0.9049195837275308,
  "best_validation_loss": 265.9459533691406
}