{
  "best_epoch": 22,
  "peak_cpu_memory_MB": 276.987904,
  "training_duration": "0:01:41.636058",
  "training_start_epoch": 0,
  "training_epochs": 22,
  "epoch": 22,
  "training_accuracy": 0.9493293591654247,
  "training_accuracy3": 0.9608454139005554,
  "training_loss": 155.37653605143228,
  "training_cpu_memory_MB": 276.987904,
  "validation_accuracy": 0.8547776726584674,
  "validation_accuracy3": 0.9053926206244087,
  "validation_loss": 268.21765518188477,
  "best_validation_accuracy": 0.8547776726584674,
  "best_validation_accuracy3": 0.9053926206244087,
  "best_validation_loss": 268.21765518188477
}