{
  "best_epoch": 3,
  "peak_cpu_memory_MB": 265.728,
  "training_duration": "0:00:17.087970",
  "training_start_epoch": 0,
  "training_epochs": 3,
  "epoch": 3,
  "training_accuracy": 0.4279907871562119,
  "training_accuracy3": 0.6347378404010297,
  "training_loss": 1146.9196116129558,
  "training_cpu_memory_MB": 265.728,
  "validation_accuracy": 0.4649952696310312,
  "validation_accuracy3": 0.6490066225165563,
  "validation_loss": 936.7032928466797,
  "best_validation_accuracy": 0.4649952696310312,
  "best_validation_accuracy3": 0.6490066225165563,
  "best_validation_loss": 936.7032928466797
}