{
  "best_epoch": 41,
  "peak_cpu_memory_MB": 276.987904,
  "training_duration": "0:16:55.482155",
  "training_start_epoch": 0,
  "training_epochs": 47,
  "epoch": 47,
  "training_accuracy": 0.9674840807478662,
  "training_accuracy3": 0.9739872645982929,
  "training_loss": 65.82085355122884,
  "training_cpu_memory_MB": 276.987904,
  "validation_accuracy": 0.8628192999053926,
  "validation_accuracy3": 0.9082308420056765,
  "validation_loss": 245.05296325683594,
  "best_validation_accuracy": 0.8609271523178808,
  "best_validation_accuracy3": 0.9082308420056765,
  "best_validation_loss": 243.12646675109863
}