{
  "best_epoch": 41,
  "peak_cpu_memory_MB": 276.987904,
  "training_duration": "0:16:37.386551",
  "training_start_epoch": 0,
  "training_epochs": 43,
  "epoch": 43,
  "training_accuracy": 0.9670776317572145,
  "training_accuracy3": 0.9739872645982929,
  "training_loss": 70.35407606760661,
  "training_cpu_memory_MB": 276.987904,
  "validation_accuracy": 0.8632923368022706,
  "validation_accuracy3": 0.9087038789025544,
  "validation_loss": 243.31742477416992,
  "best_validation_accuracy": 0.8609271523178808,
  "best_validation_accuracy3": 0.9082308420056765,
  "best_validation_loss": 243.12646675109863
}