{
  "best_epoch": 11,
  "peak_cpu_memory_MB": 274.460672,
  "training_duration": "0:00:51.758219",
  "training_start_epoch": 0,
  "training_epochs": 11,
  "epoch": 11,
  "training_accuracy": 0.8204850291288444,
  "training_accuracy3": 0.8696653569976968,
  "training_loss": 442.40977732340497,
  "training_cpu_memory_MB": 274.460672,
  "validation_accuracy": 0.7828760643330179,
  "validation_accuracy3": 0.8543046357615894,
  "validation_loss": 414.2190818786621,
  "best_validation_accuracy": 0.7828760643330179,
  "best_validation_accuracy3": 0.8543046357615894,
  "best_validation_loss": 414.2190818786621
}