{
  "best_epoch": 34,
  "peak_cpu_memory_MB": 276.987904,
  "training_duration": "0:15:58.147080",
  "training_start_epoch": 0,
  "training_epochs": 34,
  "epoch": 34,
  "training_accuracy": 0.9646389378133045,
  "training_accuracy3": 0.9730388836201057,
  "training_loss": 87.18259270985921,
  "training_cpu_memory_MB": 276.987904,
  "validation_accuracy": 0.8642384105960265,
  "validation_accuracy3": 0.9124881740775781,
  "validation_loss": 244.7536849975586,
  "best_validation_accuracy": 0.8642384105960265,
  "best_validation_accuracy3": 0.9124881740775781,
  "best_validation_loss": 244.7536849975586
}