{
  "best_epoch": 20,
  "peak_cpu_memory_MB": 276.987904,
  "training_duration": "0:01:32.866148",
  "training_start_epoch": 0,
  "training_epochs": 20,
  "epoch": 20,
  "training_accuracy": 0.9405229643679718,
  "training_accuracy3": 0.9542067470532448,
  "training_loss": 179.52967834472656,
  "training_cpu_memory_MB": 276.987904,
  "validation_accuracy": 0.848155156102176,
  "validation_accuracy3": 0.9006622516556292,
  "validation_loss": 278.61829376220703,
  "best_validation_accuracy": 0.848155156102176,
  "best_validation_accuracy3": 0.9006622516556292,
  "best_validation_loss": 278.61829376220703
}