{
  "best_epoch": 41,
  "peak_cpu_memory_MB": 276.987904,
  "training_duration": "0:16:46.473037",
  "training_start_epoch": 0,
  "training_epochs": 45,
  "epoch": 45,
  "training_accuracy": 0.9665356997696789,
  "training_accuracy3": 0.9737162986045251,
  "training_loss": 68.43684800465901,
  "training_cpu_memory_MB": 276.987904,
  "validation_accuracy": 0.8623462630085147,
  "validation_accuracy3": 0.9082308420056765,
  "validation_loss": 244.20940017700195,
  "best_validation_accuracy": 0.8609271523178808,
  "best_validation_accuracy3": 0.9082308420056765,
  "best_validation_loss": 243.12646675109863
}