{
  "best_epoch": 9,
  "peak_cpu_memory_MB": 274.460672,
  "training_duration": "0:00:42.726345",
  "training_start_epoch": 0,
  "training_epochs": 9,
  "epoch": 9,
  "training_accuracy": 0.7459693808427043,
  "training_accuracy3": 0.8325430158515106,
  "training_loss": 574.1975326538086,
  "training_cpu_memory_MB": 274.460672,
  "validation_accuracy": 0.7350993377483444,
  "validation_accuracy3": 0.8282876064333018,
  "validation_loss": 495.3332824707031,
  "best_validation_accuracy": 0.7350993377483444,
  "best_validation_accuracy3": 0.8282876064333018,
  "best_validation_loss": 495.3332824707031
}