{
  "best_epoch": 19,
  "peak_cpu_memory_MB": 276.987904,
  "training_duration": "0:01:28.445364",
  "training_start_epoch": 0,
  "training_epochs": 19,
  "epoch": 19,
  "training_accuracy": 0.9353746104863839,
  "training_accuracy3": 0.950277740143612,
  "training_loss": 194.8610382080078,
  "training_cpu_memory_MB": 276.987904,
  "validation_accuracy": 0.8424787133396405,
  "validation_accuracy3": 0.8964049195837275,
  "validation_loss": 287.8326187133789,
  "best_validation_accuracy": 0.8424787133396405,
  "best_validation_accuracy3": 0.8964049195837275,
  "best_validation_loss": 287.8326187133789
}