{
  "best_epoch": 13,
  "peak_cpu_memory_MB": 274.460672,
  "training_duration": "0:01:00.897302",
  "training_start_epoch": 0,
  "training_epochs": 13,
  "epoch": 13,
  "training_accuracy": 0.8670911800569029,
  "training_accuracy3": 0.8974393713588945,
  "training_loss": 345.69129943847656,
  "training_cpu_memory_MB": 274.460672,
  "validation_accuracy": 0.8112582781456954,
  "validation_accuracy3": 0.8746452223273415,
  "validation_loss": 359.2116470336914,
  "best_validation_accuracy": 0.8112582781456954,
  "best_validation_accuracy3": 0.8746452223273415,
  "best_validation_loss": 359.2116470336914
}