{
  "best_epoch": 39,
  "peak_cpu_memory_MB": 276.987904,
  "training_duration": "0:16:19.813587",
  "training_start_epoch": 0,
  "training_epochs": 39,
  "epoch": 39,
  "training_accuracy": 0.9653163527977239,
  "training_accuracy3": 0.9731743666169895,
  "training_loss": 76.10907491048177,
  "training_cpu_memory_MB": 276.987904,
  "validation_accuracy": 0.8614001892147588,
  "validation_accuracy3": 0.9087038789025544,
  "validation_loss": 244.16519737243652,
  "best_validation_accuracy": 0.8614001892147588,
  "best_validation_accuracy3": 0.9087038789025544,
  "best_validation_loss": 244.16519737243652
}