{
  "best_epoch": 39,
  "peak_cpu_memory_MB": 276.987904,
  "training_duration": "0:16:24.095864",
  "training_start_epoch": 0,
  "training_epochs": 40,
  "epoch": 40,
  "training_accuracy": 0.9657228017883756,
  "training_accuracy3": 0.9729034006232218,
  "training_loss": 74.58206462860107,
  "training_cpu_memory_MB": 276.987904,
  "validation_accuracy": 0.8637653736991485,
  "validation_accuracy3": 0.9110690633869442,
  "validation_loss": 245.2104148864746,
  "best_validation_accuracy": 0.8614001892147588,
  "best_validation_accuracy3": 0.9087038789025544,
  "best_validation_loss": 244.16519737243652
}