{
  "best_epoch": 31,
  "peak_cpu_memory_MB": 276.987904,
  "training_duration": "0:02:26.070513",
  "training_start_epoch": 0,
  "training_epochs": 32,
  "epoch": 32,
  "training_accuracy": 0.9643679718195366,
  "training_accuracy3": 0.9723614686356862,
  "training_loss": 92.65088399251302,
  "training_cpu_memory_MB": 276.987904,
  "validation_accuracy": 0.8614001892147588,
  "validation_accuracy3": 0.9077578051087984,
  "validation_loss": 248.69287490844727,
  "best_validation_accuracy": 0.8618732261116367,
  "best_validation_accuracy3": 0.9101229895931883,
  "best_validation_loss": 248.49752807617188
}