{
  "best_epoch": 17,
  "peak_cpu_memory_MB": 276.987904,
  "training_duration": "0:01:19.422845",
  "training_start_epoch": 0,
  "training_epochs": 17,
  "epoch": 17,
  "training_accuracy": 0.9211488958135754,
  "training_accuracy3": 0.9382197534209457,
  "training_loss": 231.7449836730957,
  "training_cpu_memory_MB": 276.987904,
  "validation_accuracy": 0.8396404919583728,
  "validation_accuracy3": 0.8940397350993378,
  "validation_loss": 303.5911293029785,
  "best_validation_accuracy": 0.8396404919583728,
  "best_validation_accuracy3": 0.8940397350993378,
  "best_validation_loss": 303.5911293029785
}