{
  "best_epoch": 37,
  "peak_cpu_memory_MB": 276.987904,
  "training_duration": "0:16:11.133305",
  "training_start_epoch": 0,
  "training_epochs": 37,
  "epoch": 37,
  "training_accuracy": 0.9647744208101883,
  "training_accuracy3": 0.9729034006232218,
  "training_loss": 79.95968564351399,
  "training_cpu_memory_MB": 276.987904,
  "validation_accuracy": 0.8623462630085147,
  "validation_accuracy3": 0.9105960264900662,
  "validation_loss": 244.28404808044434,
  "best_validation_accuracy": 0.8623462630085147,
  "best_validation_accuracy3": 0.9105960264900662,
  "best_validation_loss": 244.28404808044434
}