{
  "best_epoch": 33,
  "peak_cpu_memory_MB": 276.987904,
  "training_duration": "0:02:30.467381",
  "training_start_epoch": 0,
  "training_epochs": 33,
  "epoch": 33,
  "training_accuracy": 0.9642324888226528,
  "training_accuracy3": 0.9730388836201057,
  "training_loss": 90.50573794047038,
  "training_cpu_memory_MB": 276.987904,
  "validation_accuracy": 0.8614001892147588,
  "validation_accuracy3": 0.9087038789025544,
  "validation_loss": 246.6958465576172,
  "best_validation_accuracy": 0.8614001892147588,
  "best_validation_accuracy3": 0.9087038789025544,
  "best_validation_loss": 246.6958465576172
}