{
  "best_epoch": 24,
  "peak_cpu_memory_MB": 276.987904,
  "training_duration": "0:01:54.663937",
  "training_start_epoch": 0,
  "training_epochs": 25,
  "epoch": 25,
  "training_accuracy": 0.9552906110283159,
  "training_accuracy3": 0.9655873187914916,
  "training_loss": 128.42325655619302,
  "training_cpu_memory_MB": 276.987904,
  "validation_accuracy": 0.8571428571428571,
  "validation_accuracy3": 0.9044465468306528,
  "validation_loss": 259.48595809936523,
  "best_validation_accuracy": 0.8566698202459792,
  "best_validation_accuracy3": 0.9077578051087984,
  "best_validation_loss": 259.4043960571289
}