{
  "best_epoch": 2,
  "peak_cpu_memory_MB": 262.651904,
  "training_duration": "0:00:12.903788",
  "training_start_epoch": 0,
  "training_epochs": 2,
  "epoch": 2,
  "training_accuracy": 0.3300365804091587,
  "training_accuracy3": 0.5466738924265004,
  "training_loss": 1248.5484059651692,
  "training_cpu_memory_MB": 262.651904,
  "validation_accuracy": 0.39072847682119205,
  "validation_accuracy3": 0.6173131504257332,
  "validation_loss": 1030.4435729980469,
  "best_validation_accuracy": 0.39072847682119205,
  "best_validation_accuracy3": 0.6173131504257332,
  "best_validation_loss": 1030.4435729980469
}