{
  "best_epoch": 27,
  "peak_cpu_memory_MB": 276.987904,
  "training_duration": "0:02:03.498279",
  "training_start_epoch": 0,
  "training_epochs": 27,
  "epoch": 27,
  "training_accuracy": 0.958948651944181,
  "training_accuracy3": 0.9691098767104729,
  "training_loss": 115.32890892028809,
  "training_cpu_memory_MB": 276.987904,
  "validation_accuracy": 0.859035004730369,
  "validation_accuracy3": 0.9082308420056765,
  "validation_loss": 252.87836456298828,
  "best_validation_accuracy": 0.859035004730369,
  "best_validation_accuracy3": 0.9082308420056765,
  "best_validation_loss": 252.87836456298828
}