{
  "best_epoch": 24,
  "peak_cpu_memory_MB": 276.987904,
  "training_duration": "0:01:50.288947",
  "training_start_epoch": 0,
  "training_epochs": 24,
  "epoch": 24,
  "training_accuracy": 0.9546131960438965,
  "training_accuracy3": 0.966400216772795,
  "training_loss": 137.25050608317056,
  "training_cpu_memory_MB": 276.987904,
  "validation_accuracy": 0.8566698202459792,
  "validation_accuracy3": 0.9077578051087984,
  "validation_loss": 259.4043960571289,
  "best_validation_accuracy": 0.8566698202459792,
  "best_validation_accuracy3": 0.9077578051087984,
  "best_validation_loss": 259.4043960571289
}