{
  "best_epoch": 15,
  "peak_cpu_memory_MB": 276.987904,
  "training_duration": "0:01:10.072706",
  "training_start_epoch": 0,
  "training_epochs": 15,
  "epoch": 15,
  "training_accuracy": 0.8990651673215011,
  "training_accuracy3": 0.920471480829156,
  "training_loss": 281.2151756286621,
  "training_cpu_memory_MB": 276.987904,
  "validation_accuracy": 0.82639545884579,
  "validation_accuracy3": 0.8845789971617786,
  "validation_loss": 324.9077262878418,
  "best_validation_accuracy": 0.82639545884579,
  "best_validation_accuracy3": 0.8845789971617786,
  "best_validation_loss": 324.9077262878418
}