{
  "best_epoch": 37,
  "peak_cpu_memory_MB": 276.987904,
  "training_duration": "0:16:15.453766",
  "training_start_epoch": 0,
  "training_epochs": 38,
  "epoch": 38,
  "training_accuracy": 0.9653163527977239,
  "training_accuracy3": 0.972632434629454,
  "training_loss": 78.27201271057129,
  "training_cpu_memory_MB": 276.987904,
  "validation_accuracy": 0.8628192999053926,
  "validation_accuracy3": 0.9072847682119205,
  "validation_loss": 246.26253509521484,
  "best_validation_accuracy": 0.8623462630085147,
  "best_validation_accuracy3": 0.9105960264900662,
  "best_validation_loss": 244.28404808044434
}