{
  "best_epoch": 41,
  "peak_cpu_memory_MB": 276.987904,
  "training_duration": "0:16:50.954480",
  "training_start_epoch": 0,
  "training_epochs": 46,
  "epoch": 46,
  "training_accuracy": 0.9661292507790272,
  "training_accuracy3": 0.9734453326107574,
  "training_loss": 66.81013361612956,
  "training_cpu_memory_MB": 276.987904,
  "validation_accuracy": 0.8637653736991485,
  "validation_accuracy3": 0.9101229895931883,
  "validation_loss": 243.60883331298828,
  "best_validation_accuracy": 0.8609271523178808,
  "best_validation_accuracy3": 0.9082308420056765,
  "best_validation_loss": 243.12646675109863
}