{
  "best_epoch": 8,
  "peak_cpu_memory_MB": 274.460672,
  "training_duration": "0:00:38.383279",
  "training_start_epoch": 0,
  "training_epochs": 8,
  "epoch": 8,
  "training_accuracy": 0.7028857878336269,
  "training_accuracy3": 0.8143882942690692,
  "training_loss": 658.7302678426107,
  "training_cpu_memory_MB": 274.460672,
  "validation_accuracy": 0.6887417218543046,
  "validation_accuracy3": 0.8112582781456954,
  "validation_loss": 555.7018432617188,
  "best_validation_accuracy": 0.6887417218543046,
  "best_validation_accuracy3": 0.8112582781456954,
  "best_validation_loss": 555.7018432617188
}