{
  "best_epoch": 41,
  "peak_cpu_memory_MB": 276.987904,
  "training_duration": "0:17:00.019634",
  "training_start_epoch": 0,
  "training_epochs": 48,
  "epoch": 48,
  "training_accuracy": 0.9669421487603306,
  "training_accuracy3": 0.9741227475951768,
  "training_loss": 65.06718095143636,
  "training_cpu_memory_MB": 276.987904,
  "validation_accuracy": 0.8637653736991485,
  "validation_accuracy3": 0.9096499526963103,
  "validation_loss": 244.41405296325684,
  "best_validation_accuracy": 0.8609271523178808,
  "best_validation_accuracy3": 0.9082308420056765,
  "best_validation_loss": 243.12646675109863
}