{
  "best_epoch": 16,
  "peak_cpu_memory_MB": 276.987904,
  "training_duration": "0:01:14.754629",
  "training_start_epoch": 0,
  "training_epochs": 16,
  "epoch": 16,
  "training_accuracy": 0.9118005690285869,
  "training_accuracy3": 0.9300907736079123,
  "training_loss": 254.0244992574056,
  "training_cpu_memory_MB": 276.987904,
  "validation_accuracy": 0.8315988647114475,
  "validation_accuracy3": 0.8897824030274362,
  "validation_loss": 313.0480537414551,
  "best_validation_accuracy": 0.8315988647114475,
  "best_validation_accuracy3": 0.8897824030274362,
  "best_validation_loss": 313.0480537414551
}