{
  "best_epoch": 18,
  "peak_cpu_memory_MB": 276.987904,
  "training_duration": "0:01:23.944605",
  "training_start_epoch": 0,
  "training_epochs": 18,
  "epoch": 18,
  "training_accuracy": 0.9313101205798672,
  "training_accuracy3": 0.9471616312152825,
  "training_loss": 211.99358367919922,
  "training_cpu_memory_MB": 276.987904,
  "validation_accuracy": 0.8420056764427626,
  "validation_accuracy3": 0.8968779564806055,
  "validation_loss": 292.2683334350586,
  "best_validation_accuracy": 0.8420056764427626,
  "best_validation_accuracy3": 0.8968779564806055,
  "best_validation_loss": 292.2683334350586
}