{
  "best_epoch": 34,
  "peak_cpu_memory_MB": 276.987904,
  "training_duration": "0:16:02.566130",
  "training_start_epoch": 0,
  "training_epochs": 35,
  "epoch": 35,
  "training_accuracy": 0.9662647337759112,
  "training_accuracy3": 0.9739872645982929,
  "training_loss": 84.35648949940999,
  "training_cpu_memory_MB": 276.987904,
  "validation_accuracy": 0.8618732261116367,
  "validation_accuracy3": 0.9077578051087984,
  "validation_loss": 246.44179153442383,
  "best_validation_accuracy": 0.8642384105960265,
  "best_validation_accuracy3": 0.9124881740775781,
  "best_validation_loss": 244.7536849975586
}