{
  "best_epoch": 41,
  "peak_cpu_memory_MB": 276.987904,
  "training_duration": "0:16:28.612652",
  "training_start_epoch": 0,
  "training_epochs": 41,
  "epoch": 41,
  "training_accuracy": 0.9653163527977239,
  "training_accuracy3": 0.9729034006232218,
  "training_loss": 73.51358731587727,
  "training_cpu_memory_MB": 276.987904,
  "validation_accuracy": 0.8609271523178808,
  "validation_accuracy3": 0.9082308420056765,
  "validation_loss": 243.12646675109863,
  "best_validation_accuracy": 0.8609271523178808,
  "best_validation_accuracy3": 0.9082308420056765,
  "best_validation_loss": 243.12646675109863
}