{
  "best_epoch": 44,
  "peak_cpu_memory_MB": 275.84512,
  "training_duration": "0:03:02.632064",
  "training_start_epoch": 0,
  "training_epochs": 48,
  "epoch": 48,
  "training_accuracy": 0.9669916196340004,
  "training_accuracy3": 0.97417479049085,
  "training_loss": 66.71970806121826,
  "training_cpu_memory_MB": 275.84512,
  "validation_accuracy": 0.8443708609271523,
  "validation_accuracy3": 0.8968779564806055,
  "validation_loss": 255.50513458251953,
  "best_validation_accuracy": 0.8429517502365185,
  "best_validation_accuracy3": 0.8964049195837275,
  "best_validation_loss": 255.45349502563477
}