{
  "best_epoch": 23,
  "peak_cpu_memory_MB": 272.699392,
  "training_duration": "0:01:28.878968",
  "training_start_epoch": 0,
  "training_epochs": 23,
  "epoch": 23,
  "training_accuracy": 0.935693518043441,
  "training_accuracy3": 0.9498888318795964,
  "training_loss": 189.7025047302246,
  "training_cpu_memory_MB": 272.699392,
  "validation_accuracy": 0.8207190160832545,
  "validation_accuracy3": 0.881267738883633,
  "validation_loss": 304.1834297180176,
  "best_validation_accuracy": 0.8207190160832545,
  "best_validation_accuracy3": 0.881267738883633,
  "best_validation_loss": 304.1834297180176
}