{
  "best_epoch": 15,
  "peak_cpu_memory_MB": 269.676544,
  "training_duration": "0:00:58.893968",
  "training_start_epoch": 0,
  "training_epochs": 15,
  "epoch": 15,
  "training_accuracy": 0.827603899435608,
  "training_accuracy3": 0.8736103984949547,
  "training_loss": 374.30931854248047,
  "training_cpu_memory_MB": 269.676544,
  "validation_accuracy": 0.759697256385998,
  "validation_accuracy3": 0.8334910122989593,
  "validation_loss": 412.60037994384766,
  "best_validation_accuracy": 0.759697256385998,
  "best_validation_accuracy3": 0.8334910122989593,
  "best_validation_loss": 412.60037994384766
}