{
  "best_epoch": 13,
  "peak_cpu_memory_MB": 269.676544,
  "training_duration": "0:00:51.506332",
  "training_start_epoch": 0,
  "training_epochs": 13,
  "epoch": 13,
  "training_accuracy": 0.7805712331109971,
  "training_accuracy3": 0.83615529331281,
  "training_loss": 450.1268783569336,
  "training_cpu_memory_MB": 269.676544,
  "validation_accuracy": 0.7369914853358562,
  "validation_accuracy3": 0.8202459791863765,
  "validation_loss": 456.0850143432617,
  "best_validation_accuracy": 0.7369914853358562,
  "best_validation_accuracy3": 0.8202459791863765,
  "best_validation_loss": 456.0850143432617
}