{
  "best_epoch": 31,
  "peak_cpu_memory_MB": 275.84512,
  "training_duration": "0:01:58.912072",
  "training_start_epoch": 0,
  "training_epochs": 31,
  "epoch": 31,
  "training_accuracy": 0.9580981700017103,
  "training_accuracy3": 0.9668205917564563,
  "training_loss": 115.01160736083985,
  "training_cpu_memory_MB": 275.84512,
  "validation_accuracy": 0.8330179754020813,
  "validation_accuracy3": 0.8878902554399243,
  "validation_loss": 270.8885192871094,
  "best_validation_accuracy": 0.8330179754020813,
  "best_validation_accuracy3": 0.8878902554399243,
  "best_validation_loss": 270.8885192871094
}