{
  "best_epoch": 44,
  "peak_cpu_memory_MB": 275.84512,
  "training_duration": "0:02:51.243156",
  "training_start_epoch": 0,
  "training_epochs": 45,
  "epoch": 45,
  "training_accuracy": 0.965623396613648,
  "training_accuracy3": 0.9726355395929537,
  "training_loss": 71.00605087280273,
  "training_cpu_memory_MB": 275.84512,
  "validation_accuracy": 0.8443708609271523,
  "validation_accuracy3": 0.8982970671712394,
  "validation_loss": 258.12345123291016,
  "best_validation_accuracy": 0.8429517502365185,
  "best_validation_accuracy3": 0.8964049195837275,
  "best_validation_loss": 255.45349502563477
}