{
  "best_epoch": 19,
  "peak_cpu_memory_MB": 272.699392,
  "training_duration": "0:01:14.034928",
  "training_start_epoch": 0,
  "training_epochs": 19,
  "epoch": 19,
  "training_accuracy": 0.8996066358816487,
  "training_accuracy3": 0.9244056781255344,
  "training_loss": 261.11974029541017,
  "training_cpu_memory_MB": 272.699392,
  "validation_accuracy": 0.7994323557237465,
  "validation_accuracy3": 0.859035004730369,
  "validation_loss": 340.4011688232422,
  "best_validation_accuracy": 0.7994323557237465,
  "best_validation_accuracy3": 0.859035004730369,
  "best_validation_loss": 340.4011688232422
}