{
  "best_epoch": 33,
  "peak_cpu_memory_MB": 275.84512,
  "training_duration": "0:02:06.354238",
  "training_start_epoch": 0,
  "training_epochs": 33,
  "epoch": 33,
  "training_accuracy": 0.9625448948178553,
  "training_accuracy3": 0.969557037797161,
  "training_loss": 103.73428802490234,
  "training_cpu_memory_MB": 275.84512,
  "validation_accuracy": 0.836329233680227,
  "validation_accuracy3": 0.8902554399243141,
  "validation_loss": 266.0813293457031,
  "best_validation_accuracy": 0.836329233680227,
  "best_validation_accuracy3": 0.8902554399243141,
  "best_validation_loss": 266.0813293457031
}