{
  "best_epoch": 3,
  "peak_cpu_memory_MB": 258.551808,
  "training_duration": "0:00:14.337480",
  "training_start_epoch": 0,
  "training_epochs": 3,
  "epoch": 3,
  "training_accuracy": 0.31794082435436977,
  "training_accuracy3": 0.5170172738156319,
  "training_loss": 1133.8212432861328,
  "training_cpu_memory_MB": 258.551808,
  "validation_accuracy": 0.35998107852412486,
  "validation_accuracy3": 0.5648060548722801,
  "validation_loss": 986.8658142089844,
  "best_validation_accuracy": 0.35998107852412486,
  "best_validation_accuracy3": 0.5648060548722801,
  "best_validation_loss": 986.8658142089844
}