{
  "best_epoch": 17,
  "peak_cpu_memory_MB": 272.699392,
  "training_duration": "0:01:06.582708",
  "training_start_epoch": 0,
  "training_epochs": 17,
  "epoch": 17,
  "training_accuracy": 0.8590730289037113,
  "training_accuracy3": 0.8951599110655036,
  "training_loss": 310.8743263244629,
  "training_cpu_memory_MB": 272.699392,
  "validation_accuracy": 0.7857142857142857,
  "validation_accuracy3": 0.8505203405865658,
  "validation_loss": 368.0068664550781,
  "best_validation_accuracy": 0.7857142857142857,
  "best_validation_accuracy3": 0.8505203405865658,
  "best_validation_loss": 368.0068664550781
}