{
  "best_epoch": 0,
  "peak_cpu_memory_MB": 205.684736,
  "training_duration": "0:00:03.684538",
  "training_start_epoch": 0,
  "training_epochs": 0,
  "epoch": 0,
  "training_accuracy": 0.08500085513938772,
  "training_accuracy3": 0.29981186933470155,
  "training_loss": 1441.9689025878906,
  "training_cpu_memory_MB": 205.684736,
  "validation_accuracy": 0.20293282876064334,
  "validation_accuracy3": 0.3959318826868496,
  "validation_loss": 1187.2723388671875,
  "best_validation_accuracy": 0.20293282876064334,
  "best_validation_accuracy3": 0.3959318826868496,
  "best_validation_loss": 1187.2723388671875
}