{
  "best_epoch": 25,
  "peak_cpu_memory_MB": 272.699392,
  "training_duration": "0:01:36.304354",
  "training_start_epoch": 0,
  "training_epochs": 25,
  "epoch": 25,
  "training_accuracy": 0.9452710791859072,
  "training_accuracy3": 0.957072002736446,
  "training_loss": 164.82953109741212,
  "training_cpu_memory_MB": 272.699392,
  "validation_accuracy": 0.8301797540208137,
  "validation_accuracy3": 0.8869441816461684,
  "validation_loss": 291.35412216186523,
  "best_validation_accuracy": 0.8301797540208137,
  "best_validation_accuracy3": 0.8869441816461684,
  "best_validation_loss": 291.35412216186523
}