{
  "best_epoch": 26,
  "peak_cpu_memory_MB": 275.84512,
  "training_duration": "0:01:40.098717",
  "training_start_epoch": 0,
  "training_epochs": 26,
  "epoch": 26,
  "training_accuracy": 0.948520608859244,
  "training_accuracy3": 0.9599794766546947,
  "training_loss": 154.55629119873046,
  "training_cpu_memory_MB": 275.84512,
  "validation_accuracy": 0.8278145695364238,
  "validation_accuracy3": 0.881267738883633,
  "validation_loss": 286.98097229003906,
  "best_validation_accuracy": 0.8278145695364238,
  "best_validation_accuracy3": 0.881267738883633,
  "best_validation_loss": 286.98097229003906
}