{
  "best_epoch": 36,
  "peak_cpu_memory_MB": 275.84512,
  "training_duration": "0:02:21.384500",
  "training_start_epoch": 0,
  "training_epochs": 37,
  "epoch": 37,
  "training_accuracy": 0.9661364802462802,
  "training_accuracy3": 0.9729775953480417,
  "training_loss": 88.28804206848145,
  "training_cpu_memory_MB": 275.84512,
  "validation_accuracy": 0.8382213812677389,
  "validation_accuracy3": 0.8916745506149479,
  "validation_loss": 261.5193557739258,
  "best_validation_accuracy": 0.8401135288552507,
  "best_validation_accuracy3": 0.8945127719962157,
  "best_validation_loss": 260.928035736084
}