{
  "best_epoch": 14,
  "peak_cpu_memory_MB": 269.676544,
  "training_duration": "0:00:55.186040",
  "training_start_epoch": 0,
  "training_epochs": 14,
  "epoch": 14,
  "training_accuracy": 0.8029758850692663,
  "training_accuracy3": 0.849324439883701,
  "training_loss": 409.42718200683595,
  "training_cpu_memory_MB": 269.676544,
  "validation_accuracy": 0.7492904446546831,
  "validation_accuracy3": 0.8287606433301797,
  "validation_loss": 431.30189514160156,
  "best_validation_accuracy": 0.7492904446546831,
  "best_validation_accuracy3": 0.8287606433301797,
  "best_validation_loss": 431.30189514160156
}