{
  "best_epoch": 44,
  "peak_cpu_memory_MB": 275.84512,
  "training_duration": "0:03:06.529643",
  "training_start_epoch": 0,
  "training_epochs": 49,
  "epoch": 49,
  "training_accuracy": 0.9673336753890884,
  "training_accuracy3": 0.97417479049085,
  "training_loss": 64.69525566101075,
  "training_cpu_memory_MB": 275.84512,
  "validation_accuracy": 0.8448438978240302,
  "validation_accuracy3": 0.8992431409649952,
  "validation_loss": 256.96522521972656,
  "best_validation_accuracy": 0.8429517502365185,
  "best_validation_accuracy3": 0.8964049195837275,
  "best_validation_loss": 255.45349502563477,
  "test_accuracy": 0.8429517502365185,
  "test_accuracy3": 0.8964049195837275,
  "test_loss": 255.45349502563477
}