{
  "best_epoch": 30,
  "peak_cpu_memory_MB": 275.84512,
  "training_duration": "0:01:55.215754",
  "training_start_epoch": 0,
  "training_epochs": 30,
  "epoch": 30,
  "training_accuracy": 0.9584402257567983,
  "training_accuracy3": 0.9668205917564563,
  "training_loss": 121.0754165649414,
  "training_cpu_memory_MB": 275.84512,
  "validation_accuracy": 0.8344370860927153,
  "validation_accuracy3": 0.8883632923368022,
  "validation_loss": 271.7980422973633,
  "best_validation_accuracy": 0.8344370860927153,
  "best_validation_accuracy3": 0.8883632923368022,
  "best_validation_loss": 271.7980422973633
}