{
  "best_epoch": 41,
  "peak_cpu_memory_MB": 275.84512,
  "training_duration": "0:02:40.007133",
  "training_start_epoch": 0,
  "training_epochs": 42,
  "epoch": 42,
  "training_accuracy": 0.965794424491192,
  "training_accuracy3": 0.9729775953480417,
  "training_loss": 75.69221115112305,
  "training_cpu_memory_MB": 275.84512,
  "validation_accuracy": 0.8405865657521286,
  "validation_accuracy3": 0.8940397350993378,
  "validation_loss": 258.67894744873047,
  "best_validation_accuracy": 0.8401135288552507,
  "best_validation_accuracy3": 0.8940397350993378,
  "best_validation_loss": 257.7699737548828
}