{
  "best_epoch": 5,
  "peak_cpu_memory_MB": 261.943296,
  "training_duration": "0:00:21.615964",
  "training_start_epoch": 0,
  "training_epochs": 5,
  "epoch": 5,
  "training_accuracy": 0.45014537369591245,
  "training_accuracy3": 0.6408414571575167,
  "training_loss": 947.3979949951172,
  "training_cpu_memory_MB": 261.943296,
  "validation_accuracy": 0.4607379375591296,
  "validation_accuracy3": 0.6527909176915799,
  "validation_loss": 833.7603378295898,
  "best_validation_accuracy": 0.4607379375591296,
  "best_validation_accuracy3": 0.6527909176915799,
  "best_validation_loss": 833.7603378295898
}