{
  "best_epoch": 22,
  "peak_cpu_memory_MB": 272.699392,
  "training_duration": "0:01:25.102647",
  "training_start_epoch": 0,
  "training_epochs": 22,
  "epoch": 22,
  "training_accuracy": 0.9298785702069438,
  "training_accuracy3": 0.9435608004104669,
  "training_loss": 203.8455726623535,
  "training_cpu_memory_MB": 272.699392,
  "validation_accuracy": 0.8192999053926207,
  "validation_accuracy3": 0.8807947019867549,
  "validation_loss": 310.2383460998535,
  "best_validation_accuracy": 0.8192999053926207,
  "best_validation_accuracy3": 0.8807947019867549,
  "best_validation_loss": 310.2383460998535
}