{
  "best_epoch": 44,
  "peak_cpu_memory_MB": 275.84512,
  "training_duration": "0:02:54.989006",
  "training_start_epoch": 0,
  "training_epochs": 46,
  "epoch": 46,
  "training_accuracy": 0.9649392851034718,
  "training_accuracy3": 0.9721224559603215,
  "training_loss": 69.35273590087891,
  "training_cpu_memory_MB": 275.84512,
  "validation_accuracy": 0.8405865657521286,
  "validation_accuracy3": 0.8968779564806055,
  "validation_loss": 256.6346092224121,
  "best_validation_accuracy": 0.8429517502365185,
  "best_validation_accuracy3": 0.8964049195837275,
  "best_validation_loss": 255.45349502563477
}