{
  "best_epoch": 24,
  "peak_cpu_memory_MB": 272.699392,
  "training_duration": "0:01:32.556227",
  "training_start_epoch": 0,
  "training_epochs": 24,
  "epoch": 24,
  "training_accuracy": 0.9416794937574825,
  "training_accuracy3": 0.9539935009406533,
  "training_loss": 176.19689865112304,
  "training_cpu_memory_MB": 272.699392,
  "validation_accuracy": 0.825922421948912,
  "validation_accuracy3": 0.8841059602649006,
  "validation_loss": 296.38748931884766,
  "best_validation_accuracy": 0.825922421948912,
  "best_validation_accuracy3": 0.8841059602649006,
  "best_validation_loss": 296.38748931884766
}