{
  "best_epoch": 20,
  "peak_cpu_memory_MB": 272.699392,
  "training_duration": "0:01:17.732684",
  "training_start_epoch": 0,
  "training_epochs": 20,
  "epoch": 20,
  "training_accuracy": 0.9187617581665811,
  "training_accuracy3": 0.9346673507781769,
  "training_loss": 239.78484191894532,
  "training_cpu_memory_MB": 272.699392,
  "validation_accuracy": 0.8055818353831599,
  "validation_accuracy3": 0.8684957426679281,
  "validation_loss": 329.32603454589844,
  "best_validation_accuracy": 0.8055818353831599,
  "best_validation_accuracy3": 0.8684957426679281,
  "best_validation_loss": 329.32603454589844
}