{
  "best_epoch": 21,
  "peak_cpu_memory_MB": 272.699392,
  "training_duration": "0:01:21.424177",
  "training_start_epoch": 0,
  "training_epochs": 21,
  "epoch": 21,
  "training_accuracy": 0.9242346502479905,
  "training_accuracy3": 0.9409953822473063,
  "training_loss": 221.8828094482422,
  "training_cpu_memory_MB": 272.699392,
  "validation_accuracy": 0.8103122043519394,
  "validation_accuracy3": 0.8727530747398297,
  "validation_loss": 319.64678955078125,
  "best_validation_accuracy": 0.8103122043519394,
  "best_validation_accuracy3": 0.8727530747398297,
  "best_validation_loss": 319.64678955078125
}