{
  "best_epoch": 10,
  "peak_cpu_memory_MB": 269.676544,
  "training_duration": "0:00:40.342644",
  "training_start_epoch": 0,
  "training_epochs": 10,
  "epoch": 10,
  "training_accuracy": 0.6863348725842312,
  "training_accuracy3": 0.7793740379681888,
  "training_loss": 601.499154663086,
  "training_cpu_memory_MB": 269.676544,
  "validation_accuracy": 0.6688741721854304,
  "validation_accuracy3": 0.7800378429517503,
  "validation_loss": 562.5232391357422,
  "best_validation_accuracy": 0.6688741721854304,
  "best_validation_accuracy3": 0.7800378429517503,
  "best_validation_loss": 562.5232391357422
}