{
  "best_epoch": 32,
  "peak_cpu_memory_MB": 275.84512,
  "training_duration": "0:02:02.597287",
  "training_start_epoch": 0,
  "training_epochs": 32,
  "epoch": 32,
  "training_accuracy": 0.9623738669403112,
  "training_accuracy3": 0.9704121771848812,
  "training_loss": 109.13954162597656,
  "training_cpu_memory_MB": 275.84512,
  "validation_accuracy": 0.8349101229895932,
  "validation_accuracy3": 0.8878902554399243,
  "validation_loss": 268.08713150024414,
  "best_validation_accuracy": 0.8349101229895932,
  "best_validation_accuracy3": 0.8878902554399243,
  "best_validation_loss": 268.08713150024414
}