{
  "best_epoch": 39,
  "peak_cpu_memory_MB": 275.84512,
  "training_duration": "0:02:32.526705",
  "training_start_epoch": 0,
  "training_epochs": 40,
  "epoch": 40,
  "training_accuracy": 0.965623396613648,
  "training_accuracy3": 0.9728065674704977,
  "training_loss": 80.26079025268555,
  "training_cpu_memory_MB": 275.84512,
  "validation_accuracy": 0.8401135288552507,
  "validation_accuracy3": 0.8935666982024598,
  "validation_loss": 259.1826171875,
  "best_validation_accuracy": 0.8410596026490066,
  "best_validation_accuracy3": 0.8945127719962157,
  "best_validation_loss": 258.85982513427734
}