{
  "best_epoch": 44,
  "peak_cpu_memory_MB": 275.84512,
  "training_duration": "0:02:47.461943",
  "training_start_epoch": 0,
  "training_epochs": 44,
  "epoch": 44,
  "training_accuracy": 0.9664785360013682,
  "training_accuracy3": 0.9738327347357619,
  "training_loss": 72.30885601043701,
  "training_cpu_memory_MB": 275.84512,
  "validation_accuracy": 0.8429517502365185,
  "validation_accuracy3": 0.8964049195837275,
  "validation_loss": 255.45349502563477,
  "best_validation_accuracy": 0.8429517502365185,
  "best_validation_accuracy3": 0.8964049195837275,
  "best_validation_loss": 255.45349502563477
}