{
  "best_epoch": 6,
  "peak_cpu_memory_MB": 261.943296,
  "training_duration": "0:00:25.456596",
  "training_start_epoch": 0,
  "training_epochs": 6,
  "epoch": 6,
  "training_accuracy": 0.5106892423465025,
  "training_accuracy3": 0.6882161792372157,
  "training_loss": 865.492333984375,
  "training_cpu_memory_MB": 261.943296,
  "validation_accuracy": 0.5227057710501419,
  "validation_accuracy3": 0.7048249763481551,
  "validation_loss": 774.3738021850586,
  "best_validation_accuracy": 0.5227057710501419,
  "best_validation_accuracy3": 0.7048249763481551,
  "best_validation_loss": 774.3738021850586
}