{
  "best_epoch": 12,
  "peak_cpu_memory_MB": 269.676544,
  "training_duration": "0:00:47.760878",
  "training_start_epoch": 0,
  "training_epochs": 12,
  "epoch": 12,
  "training_accuracy": 0.7446553788267488,
  "training_accuracy3": 0.8116983068240123,
  "training_loss": 495.5254272460937,
  "training_cpu_memory_MB": 269.676544,
  "validation_accuracy": 0.7086092715231788,
  "validation_accuracy3": 0.8032166508987701,
  "validation_loss": 486.72503662109375,
  "best_validation_accuracy": 0.7086092715231788,
  "best_validation_accuracy3": 0.8032166508987701,
  "best_validation_loss": 486.72503662109375
}