{
  "best_epoch": 11,
  "peak_cpu_memory_MB": 269.676544,
  "training_duration": "0:00:43.937771",
  "training_start_epoch": 0,
  "training_epochs": 11,
  "epoch": 11,
  "training_accuracy": 0.7128441936035573,
  "training_accuracy3": 0.7966478536001368,
  "training_loss": 545.9892517089844,
  "training_cpu_memory_MB": 269.676544,
  "validation_accuracy": 0.6925260170293283,
  "validation_accuracy3": 0.7871333964049196,
  "validation_loss": 521.9614639282227,
  "best_validation_accuracy": 0.6925260170293283,
  "best_validation_accuracy3": 0.7871333964049196,
  "best_validation_loss": 521.9614639282227
}