{
  "best_epoch": 27,
  "peak_cpu_memory_MB": 275.84512,
  "training_duration": "0:01:43.903812",
  "training_start_epoch": 0,
  "training_epochs": 27,
  "epoch": 27,
  "training_accuracy": 0.9515991106550368,
  "training_accuracy3": 0.961176671797503,
  "training_loss": 143.98874053955078,
  "training_cpu_memory_MB": 275.84512,
  "validation_accuracy": 0.8301797540208137,
  "validation_accuracy3": 0.8869441816461684,
  "validation_loss": 283.1401138305664,
  "best_validation_accuracy": 0.8301797540208137,
  "best_validation_accuracy3": 0.8869441816461684,
  "best_validation_loss": 283.1401138305664
}