{
  "best_epoch": 29,
  "peak_cpu_memory_MB": 275.84512,
  "training_duration": "0:01:51.488248",
  "training_start_epoch": 0,
  "training_epochs": 29,
  "epoch": 29,
  "training_accuracy": 0.9574140584915342,
  "training_accuracy3": 0.9664785360013682,
  "training_loss": 127.6814121246338,
  "training_cpu_memory_MB": 275.84512,
  "validation_accuracy": 0.8315988647114475,
  "validation_accuracy3": 0.8855250709555346,
  "validation_loss": 275.90616607666016,
  "best_validation_accuracy": 0.8315988647114475,
  "best_validation_accuracy3": 0.8855250709555346,
  "best_validation_loss": 275.90616607666016
}