{
  "best_epoch": 18,
  "peak_cpu_memory_MB": 272.699392,
  "training_duration": "0:01:10.204699",
  "training_start_epoch": 0,
  "training_epochs": 18,
  "epoch": 18,
  "training_accuracy": 0.8883187959637421,
  "training_accuracy3": 0.9112365315546435,
  "training_loss": 284.69519195556643,
  "training_cpu_memory_MB": 272.699392,
  "validation_accuracy": 0.7956480605487228,
  "validation_accuracy3": 0.8651844843897823,
  "validation_loss": 353.6147155761719,
  "best_validation_accuracy": 0.7956480605487228,
  "best_validation_accuracy3": 0.8651844843897823,
  "best_validation_loss": 353.6147155761719
}