{
  "best_epoch": 1,
  "peak_cpu_memory_MB": 247.02976,
  "training_duration": "0:00:07.200585",
  "training_start_epoch": 0,
  "training_epochs": 1,
  "epoch": 1,
  "training_accuracy": 0.21754746023601848,
  "training_accuracy3": 0.4202154951257055,
  "training_loss": 1276.8450622558594,
  "training_cpu_memory_MB": 247.02976,
  "validation_accuracy": 0.22894985808893092,
  "validation_accuracy3": 0.44181646168401134,
  "validation_loss": 1135.2299499511719,
  "best_validation_accuracy": 0.22894985808893092,
  "best_validation_accuracy3": 0.44181646168401134,
  "best_validation_loss": 1135.2299499511719
}